year;month;interest_rate;unemployment_rate;index_price
1924;1;3.5;5.19;5.347.148.965.036.330
1925;1;2.86;4.36;42.491.141.239.954.000
1926;1;3.65;5.18;5.822.539.103.506.840
1927;1;4.52;5.81;7.847.973.182.737.160
1928;1;2.77;5.07;3.211.698.655.495.090
1929;1;2.77;5.06;3.222.527.135.184.690
1930;1;4.58;3.95;10.018.120.450.331.400
1931;1;3.77;4.01;7.443.033.564.670.380
1932;1;2.53;2.9;47.833.130.885.864.700
1933;1;3.54;7.62;2.879.298.330.039.900
1934;1;2.54;3.13;45.680.445.542.578.800
1935;1;2.53;3.96;3.652.717.544.422.560
1936;1;3.24;3.92;5.896.036.953.713.520
1937;1;1.09;6.34;-3.350.820.462.160.220
1938;1;1.28;4.56;-8.629.968.154.221.000
1939;1;2.44;6.87;26.899.703.980.852.900
1940;1;1.99;3.99;1.946.065.950.390.940
1941;1;3.31;5.42;4.513.525.317.037.140
1942;1;2.09;3.75;25.127.322.977.738.500
1943;1;1.59;8.22;-38.057.452.829.108.600
1944;1;4.47;3.22;10.455.324.718.795.100
1945;1;2.77;5.46;2.796.440.298.928.640
1946;1;3.07;5.95;32.033.751.323.755.800
1947;1;1.58;5.62;-10.638.547.283.664.900
1948;1;2.46;4.72;2.624.090.493.435.250
1949;1;3.11;4.81;454.407.432.894.433
1950;1;1.85;5.07;3.605.194.950.598.590
1951;1;3.38;4.78;5.412.270.001.997.410
1952;1;2.4;6.45;5.935.482.193.286.280
1953;1;2.71;8.32;-44.022.167.513.846.200
1954;1;2.4;4.16;3.035.578.517.277.840
1955;1;4.85;2.95;11.922.208.116.408.800
1956;1;2.99;4.87;41.074.784.823.613.300
1957;1;1.94;8.87;-34.137.420.266.610.200
1958;1;3.82;3.79;7.832.621.948.007.290
1959;1;1.78;7.46;-24.059.960.455.415.000
1960;1;3.21;7.52;1.963.116.278.092.830
1961;1;1.04;4.17;-11.906.081.882.171.700
1962;1;1.67;5.85;-10.297.169.128.083.700
1963;1;3.2;7.44;2.016.846.461.274.050
1964;1;3.74;4.43;6.901.759.432.098.280
1965;1;3.17;4.69;4.857.494.864.129.230
1966;1;2.88;4.13;4.556.603.263.156.040
1967;1;2.7;3.48;4.691.365.303.510.350
1968;1;1.52;4.03;44.707.555.546.985.800
1969;1;2.28;3.16;3.730.409.605.836.750
1970;1;2.54;5.05;2.520.527.776.078.090
1971;1;4.06;3.85;8.512.709.545.727.750
1972;1;3.34;5.35;4.680.983.237.777.770
1973;1;1.24;2.67;10.292.855.490.840.800
1974;1;3.32;5.5;4.459.320.373.718.030
1975;1;2.61;6.25;14.581.388.757.974.700
1976;1;2.32;2.01;50.816.813.642.265.500
1977;1;3.61;5.56;5.293.761.971.899.320
1978;1;4.03;6.84;5.230.333.053.002.260
1979;1;3.93;3.19;881.409.211.378.074
1980;1;2.16;7.51;-12.811.789.910.060.300
1981;1;2.69;5.63;2.367.176.861.478.270
1982;1;3.33;3.94;6.153.627.528.716.190
1983;1;3.98;4.92;7.123.131.420.478.000
1984;1;2.52;5.84;16.162.498.849.632.900
1985;1;2.81;5.11;32.938.335.631.923.700
1986;1;1.89;5.81;-30.450.909.664.524.000
1987;1;1.8;3.62;17.524.466.968.998.600
1988;1;3.81;5.25;6.244.316.499.835.810
1989;1;4.36;2.88;1.047.699.545.254.750
1990;1;2.93;4.83;3.963.921.593.976.830
1991;1;4.0;3.64;8.550.744.053.935.680
1992;1;3.36;3.9;628.971.659.676.374
1993;1;2.35;6.85;11.878.707.018.443.000
1994;1;3.36;6.64;3.367.008.548.491.410
1995;1;4.54;5.91;7.802.889.844.555.870
1996;1;2.96;3.36;5.625.648.672.556.260
1997;1;4.56;4.53;9.338.105.210.550.870
1998;1;0.5;6.82;-5.703.284.280.406.890
1999;1;3.82;5.21;6.318.018.559.073.530
2000;1;3.09;8.48;5.667.717.528.256.460
2001;1;2.7;5.59;24.407.674.810.139.700
2002;1;3.09;5.29;39.699.711.660.045.400
2003;1;1.01;4.54;-1.677.845.245.039.830
2004;1;2.78;5.2;3.104.678.720.738.010
2005;1;3.36;4.77;536.095.824.078.923
2006;1;4.48;6.06;7.456.978.536.805.290
2007;1;2.48;6.44;852.502.746.493.177
2008;1;2.19;3.82;2.747.749.585.761.470
2009;1;2.5;3.0;45.829.475.909.973.200
2010;1;3.92;2.25;9.785.160.749.080.530
2011;1;3.33;5.76;42.120.759.782.747.100
2012;1;2.47;3.34;4.127.360.640.240.680
2013;1;3.51;2.0;8.796.615.802.606.580
2014;1;3.1;5.58;36.908.498.944.817.000
2015;1;3.97;8.74;3.017.564.547.310.000
2016;1;2.3;4.99;18.404.017.817.662.500
2017;1;2.67;6.26;1.633.384.707.895.050
2018;1;2.61;5.12;2.662.606.248.832.020
2019;1;1.54;4.85;-366.462.529.494.097
2020;1;3.3;6.38;34.577.043.794.076.800
2021;1;3.26;4.56;5.275.132.981.636.850
2022;1;3.01;5.4;36.037.721.142.570.500
2023;1;2.77;5.48;2.774.371.506.042.880
1924;2;1.58;4.0;6.652.719.711.592.630
1925;2;2.58;6.49;11.087.312.327.698.100
1926;2;2.66;4.74;3.223.224.524.016.860
1927;2;2.2;3.87;27.253.467.890.271.200
1928;2;2.84;5.8;26.502.204.444.763.500
1929;2;3.4;3.65;6.680.251.883.860.550
1930;2;4.89;5.04;9.815.800.474.384.130
1931;2;3.17;4.99;45.383.696.809.476.000
1932;2;3.26;6.63;30.671.654.824.891.100
1933;2;2.93;5.71;3.025.085.585.135.380
1934;2;1.08;4.96;-19.093.744.256.553.800
1935;2;2.97;6.23;25.955.719.825.350.500
1936;2;3.06;7.09;19.570.022.660.923.700
1937;2;5.46;5.84;10.730.543.180.613.300
1938;2;2.81;5.02;33.897.286.415.375.500
1939;2;3.3;3.03;7.031.338.357.468.370
1940;2;2.97;3.4;5.613.040.189.337.010
1941;2;1.83;4.54;8.636.546.666.735.130
1942;2;4.14;4.09;850.523.350.166.743
1943;2;3.75;4.72;6.623.890.433.567.220
1944;2;3.79;5.08;6.363.438.202.214.590
1945;2;2.09;5.79;3.360.919.790.848.520
1946;2;4.4;4.89;8.457.329.308.899.520
1947;2;1.6;5.73;-11.188.352.706.618.400
1948;2;3.59;5.1;5.722.238.267.899.010
1949;2;5.19;2.04;13.946.592.219.216.300
1950;2;2.01;3.59;24.348.799.068.688.000
1951;2;2.43;4.78;2.467.778.982.611.880
1952;2;3.1;3.19;6.240.934.610.792.870
1953;2;2.5;5.9;148.965.956.158.876
1954;2;1.45;7.3;-3.258.141.426.340.980
1955;2;3.07;6.83;22.649.801.123.108.700
1956;2;1.94;4.68;10.551.139.157.204.100
1957;2;3.47;7.24;3.068.286.629.378.520
1958;2;2.08;5.22;9.131.908.308.564.080
1959;2;4.55;4.49;9.348.702.037.613.550
1960;2;2.22;4.08;25.630.149.371.204.700
1961;2;2.68;4.55;3.488.040.817.028.240
1962;2;3.81;4.42;713.016.940.359.109
1963;2;1.77;5.26;-901.280.538.809.442
1964;2;3.23;5.24;44.566.885.953.554.200
1965;2;4.31;5.0;8.060.409.673.412.890
1966;2;1.39;5.66;-16.944.421.404.307.500
1967;2;3.18;6.79;26.493.987.583.745.900
1968;2;3.26;6.42;3.291.032.865.880.700
1969;2;3.78;2.77;8.796.672.084.022.720
1970;2;1.76;2.0;34.116.970.424.023.800
1971;2;1.68;6.4;-15.854.776.524.323.500
1972;2;3.52;2.95;7.798.882.026.403.230
1973;2;3.3;4.66;5.292.175.007.512.580
1974;2;3.25;3.24;6.652.060.587.640.520
1975;2;3.35;2.3;79.648.428.647.077
1976;2;2.32;5.81;10.278.512.550.216.700
1977;2;3.23;6.14;34.973.098.536.858.300
1978;2;3.29;4.14;5.816.958.287.402.540
1979;2;2.29;2.0;50.576.690.874.118.500
1980;2;4.87;4.18;10.671.201.895.939.700
1981;2;3.47;5.59;4.828.202.891.550.920
1982;2;1.81;2.78;2.678.760.807.157.140
1983;2;3.66;5.28;5.747.319.368.885.460
1984;2;2.03;4.98;10.140.628.178.945.600
1985;2;3.79;5.87;5.520.779.310.414.130
1986;2;4.16;5.18;7.403.901.521.059.320
1987;2;2.18;3.54;30.152.386.622.529.800
1988;2;3.96;6.79;50.666.804.627.579.800
1989;2;3.41;4.76;5.527.131.049.996.340
1990;2;3.82;4.96;6.584.936.469.950.440
1991;2;4.9;3.6;11.383.006.094.172.700
1992;2;2.75;4.34;3.929.789.413.518.860
1993;2;2.25;3.67;3.093.106.654.966.940
1994;2;2.11;4.74;151.834.316.302.979
1995;2;2.18;7.57;-12.827.518.765.107.700
1996;2;2.92;2.94;5.949.479.943.351.720
1997;2;3.34;2.58;7.635.471.337.269.330
1998;2;3.28;7.21;25.105.520.471.836.300
1999;2;3.83;4.69;690.365.069.261.879
2000;2;3.01;4.0;5.098.207.463.053.780
2001;2;4.45;6.56;6.831.362.938.976.120
2002;2;2.74;4.09;4.164.095.870.649.890
2003;2;5.72;7.74;9.509.415.945.304.260
2004;2;3.63;6.02;48.647.741.476.425.700
2005;2;2.14;4.27;2.113.075.385.172.940
2006;2;1.93;8.24;-2.772.820.071.132.660
2007;2;3.48;4.09;6.458.818.733.824.650
2008;2;2.78;6.11;2.133.444.184.266.480
2009;2;3.71;5.45;5.721.470.791.368.560
2010;2;3.47;6.95;33.771.496.335.174.700
2011;2;2.93;7.34;1.286.565.989.061.620
2012;2;2.15;5.05;13.121.202.132.865.800
2013;2;1.49;3.87;523.857.064.566.032
2014;2;2.55;5.69;1.869.351.290.499.380
2015;2;3.86;3.98;7.753.411.416.407.550
2016;2;3.21;8.02;14.300.706.496.603.500
2017;2;1.75;5.2;-8.822.741.097.947.180
2018;2;3.17;4.45;5.113.850.247.716.320
2019;2;3.39;5.28;49.100.637.073.863.900
2020;2;2.12;2.98;34.263.268.853.328.500
2021;2;3.15;3.54;6.022.533.914.445.610
2022;2;3.06;6.8;2.265.779.481.050.150
2023;2;1.86;4.01;15.213.923.981.140.700
1924;3;3.36;3.43;6.790.469.834.303.020
1925;3;3.56;5.8;4.882.413.177.384.090
1926;3;4.08;6.78;5.449.734.708.851.220
1927;3;4.05;6.08;6.103.484.874.136.980
1928;3;1.62;6.49;-18.673.717.053.762.900
1929;3;2.06;3.86;2.301.897.004.865.430
1930;3;3.52;2.87;7.883.684.593.395.050
1931;3;3.51;7.25;31.812.452.298.956.700
1932;3;3.52;4.52;6.123.772.752.514.810
1933;3;6.85;4.62;16.340.356.450.710.900
1934;3;3.57;6.99;3.644.269.636.884.410
1935;3;4.14;5.83;6.647.933.563.077.990
1936;3;3.95;5.68;6.219.811.399.141.150
1937;3;3.65;8.25;25.486.388.906.404.700
1938;3;2.68;4.03;404.282.489.857.398
1939;3;3.76;6.39;48.731.129.092.412.000
1940;3;2.23;5.09;1.517.016.166.056.530
1941;3;2.76;5.4;2.829.458.911.439.670
1942;3;2.51;7.29;38.616.802.575.835.400
1943;3;3.08;5.76;34.374.038.383.096.600
1944;3;5.31;5.81;10.297.636.248.762.300
1945;3;1.13;6.61;-3.513.977.252.990.150
1946;3;3.69;4.45;6.725.121.291.991.740
1947;3;1.39;3.74;352.649.379.614.935
1948;3;2.53;3.43;42.172.877.328.231.500
1949;3;4.09;2.05;10.525.530.718.634.300
1950;3;3.06;8.08;9.008.072.889.155.140
1951;3;1.92;3.35;24.125.463.587.792.300
1952;3;2.28;4.67;21.205.949.914.325.700
1953;3;3.68;4.58;655.564.110.488.236
1954;3;2.27;5.46;12.462.226.670.473.700
1955;3;3.22;6.22;3.380.072.137.704.260
1956;3;3.05;6.29;2.778.509.835.154.400
1957;3;2.35;4.13;29.131.477.090.963.100
1958;3;5.14;4.75;10.901.106.580.311.100
1959;3;3.63;5.42;5.505.133.907.182.970
1960;3;0.97;4.63;-1.897.645.146.047.400
1961;3;3.19;7.41;20.179.108.738.749.400
1962;3;2.34;5.74;11.647.238.583.593.300
1963;3;3.85;6.1;5.461.755.554.874.640
1964;3;2.21;5.99;49.445.979.928.998.800
1965;3;2.89;6.76;1.781.178.970.104.770
1966;3;3.5;5.27;5.262.396.572.027.670
1967;3;3.87;3.05;8.776.258.714.212.590
1968;3;1.8;5.6;-35.999.843.588.084.100
1969;3;2.67;4.02;4.021.685.565.795.080
1970;3;2.53;4.21;3.385.367.137.058.870
1971;3;2.35;5.88;104.603.067.486.712
1972;3;4.77;6.86;7.502.717.116.884.740
1973;3;3.4;5.03;5.208.371.013.422.490
1974;3;1.74;5.46;-3.969.716.966.934.000
1975;3;3.92;7.55;4.131.564.700.241.950
1976;3;5.12;5.36;10.188.140.301.752.400
1977;3;4.03;8.9;30.330.782.146.370.700
1978;3;1.48;5.85;-16.184.879.611.585.500
1979;3;2.52;2.36;5.327.652.868.628.950
1980;3;4.27;6.13;6.731.356.952.808.200
1981;3;2.29;5.57;11.911.172.149.498.400
1982;3;3.44;6.93;33.054.066.674.063.400
1983;3;3.77;6.01;5.310.145.270.215.930
1984;3;2.07;4.79;13.411.525.512.405.600
1985;3;2.94;3.16;5.776.477.288.022.750
1986;3;0.5;4.69;-3.493.224.408.278.300
1987;3;1.98;3.72;22.026.132.812.875.000
1988;3;2.75;4.13;4.152.795.529.841.150
1989;3;1.75;5.88;-8.136.361.586.385.450
1990;3;4.63;7.5;6.386.250.679.958.020
1991;3;1.57;5.59;-10.624.812.907.783.600
1992;3;2.56;3.21;454.558.385.753.382
1993;3;3.13;5.67;3.688.613.790.906.590
1994;3;4.44;6.79;6.554.464.180.242.040
1995;3;1.56;4.09;50.739.207.531.399.400
1996;3;4.16;4.8;7.809.718.091.882.780
1997;3;3.01;5.02;40.095.544.866.290.300
1998;3;2.02;3.82;22.203.389.662.034.200
1999;3;3.46;5.97;43.913.823.040.419.400
2000;3;3.2;4.82;4.812.000.784.418.120
2001;3;2.4;5.63;1.468.025.067.893.410
2002;3;3.07;3.67;5.635.729.426.279.210
2003;3;2.61;4.34;3.495.214.470.346.160
2004;3;3.11;6.08;3.189.113.598.742.340
2005;3;3.66;4.44;6.643.496.382.661.280
2006;3;4.59;7.59;6.165.905.296.491.190
2007;3;1.76;4.4;7.961.820.686.787.740
2008;3;5.13;5.34;1.024.083.486.489.040
2009;3;1.05;6.4;-3.538.467.863.139.550
2010;3;2.85;2.87;5.806.658.063.789.740
2011;3;3.59;2.36;8.644.912.601.846.530
2012;3;3.28;2.71;7.310.664.818.230.510
2013;3;2.38;6.89;61.471.637.675.222.100
2014;3;2.79;4.17;42.343.735.895.535.100
2015;3;2.51;8.84;-16.151.200.220.327.000
2016;3;2.41;4.15;30.774.882.841.713.100
2017;3;3.85;5.28;63.365.050.793.824
2018;3;3.36;7.31;2.651.490.553.339.710
2019;3;2.31;8.01;-1.349.900.248.341.970
2020;3;3.9;8.09;3.493.809.629.879.680
2021;3;3.31;6.81;3.029.893.329.028.340
2022;3;3.81;6.54;486.887.995.930.275
2023;3;3.63;5.89;5.003.710.189.272.240
1924;4;2.17;6.17;1.792.643.912.911.280
1925;4;2.44;4.17;31.491.004.676.131.500
1926;4;3.75;3.77;7.636.549.248.854.550
1927;4;3.61;4.99;5.901.374.472.284.440
1928;4;2.98;4.74;4.214.928.302.856.070
1929;4;3.12;4.32;5.097.055.543.263.600
1930;4;4.28;6.04;685.812.774.483.317
1931;4;2.41;6.43;6.453.123.402.593.660
1932;4;3.55;5.13;5.565.869.049.487.810
1933;4;2.8;7.22;10.120.277.266.510.800
1934;4;2.78;3.29;5.142.400.791.090.620
1935;4;4.1;4.71;7.719.243.631.126.690
1936;4;3.83;3.92;7.724.223.866.959.080
1937;4;3.81;2.2;9.498.004.625.307.360
1938;4;4.31;4.88;8.188.815.949.299.700
1939;4;3.02;4.82;42.542.751.350.016.000
1940;4;3.68;7.27;3.686.850.322.805.280
1941;4;2.69;5.95;20.258.921.558.851.700
1942;4;3.32;3.46;6.634.835.317.681.760
1943;4;2.87;7.78;63.157.643.792.981.200
1944;4;3.1;6.83;23.575.962.269.467.300
1945;4;3.6;5.87;4.931.305.932.196.830
1946;4;2.18;4.66;18.208.263.415.616.300
1947;4;5.09;3.56;12.015.182.651.240.800
1948;4;1.99;4.44;14.666.189.394.571.300
1949;4;1.79;6.63;-14.902.937.232.491.900
1950;4;4.16;7.83;4.577.352.456.756.540
1951;4;3.79;7.31;39.848.419.165.690.700
1952;4;3.62;4.27;6.701.296.923.883.840
1953;4;3.63;3.32;7.744.796.294.255.320
1954;4;2.99;5.21;37.446.866.980.241.800
1955;4;2.1;2.35;40.371.184.994.077.000
1956;4;3.08;5.48;3.735.263.684.400.890
1957;4;2.32;4.78;21.270.440.874.786.500
1958;4;3.98;4.3;7.784.115.623.528.590
1959;4;2.85;2.61;6.084.764.568.576.460
1960;4;2.17;5.77;60.609.026.966.377.600
1961;4;2.68;4.2;38.611.314.998.008.900
1962;4;3.41;3.25;7.138.284.828.998.590
1963;4;2.44;2.0;5.550.853.766.047.760
1964;4;2.18;4.96;15.005.294.509.484.200
1965;4;3.24;7.66;19.071.435.614.822.100
1966;4;3.24;7.49;20.883.707.356.560.800
1967;4;2.49;4.31;31.550.153.081.215.100
1968;4;2.53;4.1;3.503.117.375.474.340
1969;4;3.23;5.7;3.966.327.568.128.260
1970;4;1.55;3.5;11.050.301.097.690.900
1971;4;1.59;5.45;-8.509.255.674.196.020
1972;4;2.28;6.15;5.415.475.500.362.860
1973;4;2.79;6.84;13.859.619.624.403.800
1974;4;3.31;4.85;5.121.106.164.207.790
1975;4;4.48;4.69;8.917.902.996.712.650
1976;4;3.86;3.68;8.073.564.220.995.850
1977;4;2.84;3.76;48.266.941.824.076.400
1978;4;2.98;4.66;43.007.462.683.998.800
1979;4;2.0;5.55;31.301.051.285.460.100
1980;4;2.98;6.37;24.767.902.237.774.300
1981;4;2.71;3.8;438.145.203.117.602
1982;4;3.32;7.24;2.603.002.999.137.850
1983;4;2.17;4.59;1.864.389.265.749.020
1984;4;3.52;4.97;5.644.071.380.858.960
1985;4;4.53;3.88;993.799.505.921.504
1986;4;2.89;2.0;6.901.548.011.181.600
1987;4;3.4;6.33;3.821.766.632.573.780
1988;4;3.69;6.11;4.955.330.009.461.860
1989;4;2.6;4.58;3.208.010.708.523.230
1990;4;3.22;5.1;45.757.101.764.585.500
1991;4;3.01;5.77;32.096.653.183.077.600
1992;4;3.1;2.66;6.806.022.195.543.530
1993;4;2.23;4.21;24.556.042.893.490.800
1994;4;3.02;6.19;2.793.024.549.463.710
1995;4;3.5;3.12;7.555.228.771.441.470
1996;4;4.45;5.44;8.025.758.567.562.840
1997;4;3.96;2.97;914.158.526.307.086
1998;4;5.15;5.7;9.918.675.247.507.800
1999;4;2.23;4.95;16.668.293.919.409.400
2000;4;3.87;2.58;9.278.745.245.262.610
2001;4;3.18;6.75;26.918.602.651.281.100
2002;4;5.19;3.9;11.962.439.451.001.500
2003;4;2.19;3.78;2.790.195.415.165.920
2004;4;2.16;5.3;10.759.708.960.588.200
2005;4;2.4;6.72;30.519.700.051.272.500
2006;4;0.88;3.48;-9.508.073.905.331.410
2007;4;2.47;5.09;22.612.565.128.471.200
2008;4;2.24;5.64;9.612.050.838.115.730
2009;4;3.15;6.04;3.355.728.817.921.300
2010;4;3.34;5.26;4.776.531.442.049.990
2011;4;4.88;4.45;10.414.319.867.829.900
2012;4;3.95;3.76;8.267.801.405.883.470
2013;4;2.42;5.13;2.063.695.246.129.120
2014;4;2.1;3.39;2.927.372.434.063.720
2015;4;3.49;2.0;8.811.326.965.500.110
2016;4;1.68;5.65;-7.856.793.011.178.310
2017;4;4.83;6.36;8.222.752.392.476.810
2018;4;4.18;2.0;10.894.237.255.626.300
2019;4;2.53;3.49;4.154.055.505.260.520
2020;4;1.29;5.93;-22.932.288.790.096.000
2021;4;4.35;8.09;48.896.376.904.453.700
2022;4;2.89;5.03;36.264.666.447.071.900
2023;4;4.24;3.91;900.658.192.532.026
1924;5;1.41;4.73;-6.411.531.217.689.530
1925;5;2.4;7.06;-5.742.514.421.019.560
1926;5;3.01;4.03;5.065.120.787.884.270
1927;5;3.05;3.8;5.434.617.260.041.490
1928;5;2.55;4.28;33.732.678.050.702.700
1929;5;3.62;3.57;7.447.617.854.060.620
1930;5;1.93;5.18;4.909.709.254.622.610
1931;5;2.86;7.44;9.632.942.056.509.130
1932;5;3.12;5.48;3.859.721.635.859.580
1933;5;3.51;4.62;5.986.679.233.618.500
1934;5;3.71;4.56;6.670.342.614.700.440
1935;5;1.88;2.66;3.023.854.871.685.870
1936;5;1.47;6.32;-2.151.722.394.788.270
1937;5;4.28;4.88;8.095.551.401.891.130
1938;5;3.33;4.73;5.311.279.392.557.020
1939;5;2.25;9.79;-34.341.594.104.401.300
1940;5;4.55;5.45;8.325.239.906.715.680
1941;5;3.12;3.87;5.576.746.568.438.800
1942;5;4.18;4.36;8.340.565.478.026.930
1943;5;3.07;6.72;2.381.907.277.221.330
1944;5;5.06;5.17;10.204.747.751.434.400
1945;5;4.76;2.84;11.759.361.882.076.000
1946;5;2.75;6.38;17.531.806.916.945.700
1947;5;3.97;4.0;8.073.971.503.649.330
1948;5;3.65;7.81;30.172.078.173.367.600
1949;5;4.37;6.62;651.885.834.918.177
1950;5;2.04;4.33;17.382.398.435.078.600
1951;5;3.69;6.92;4.090.503.509.826.330
1952;5;4.06;5.1;7.179.056.897.632.210
1953;5;1.24;6.28;-2.821.151.316.154.530
1954;5;1.82;5.73;-43.679.913.299.602.500
1955;5;0.96;3.73;-9.692.875.522.769.220
1956;5;2.73;4.03;41.974.142.997.872.900
1957;5;3.72;6.54;45.887.581.438.214.700
1958;5;4.5;4.5;9.183.713.238.420.250
1959;5;3.07;4.39;48.677.743.243.661.700
1960;5;4.63;3.57;10.578.373.812.492.000
1961;5;1.62;5.64;-9.603.700.523.808.350
1962;5;1.3;8.09;-4.566.590.735.859.820
1963;5;2.94;3.4;5.521.198.521.535.760
1964;5;3.38;5.04;5.135.984.599.226.650
1965;5;2.97;7.12;16.455.084.696.490.400
1966;5;0.93;4.88;-22.887.800.708.794.100
1967;5;2.91;5.68;2.995.850.816.423.740
1968;5;1.7;3.41;16.657.924.027.642.000
1969;5;3.67;5.64;5.394.136.545.162.230
1970;5;3.37;4.72;544.537.425.111.014
1971;5;2.06;6.48;-4.925.609.782.007.220
1972;5;2.49;6.78;51.987.470.310.985.700
1973;5;1.94;8.88;-34.248.777.163.907.500
1974;5;2.94;5.87;2.885.768.772.951.320
1975;5;3.96;5.49;6.452.934.600.391.900
1976;5;2.01;5.29;6.219.889.652.087.100
1977;5;3.5;4.47;6.115.721.280.832.850
1978;5;2.47;5.51;18.131.258.538.165.800
1979;5;2.21;4.56;2.020.252.857.787.660
1980;5;2.89;5.25;3.392.450.866.377.580
1981;5;1.96;6.98;-13.352.839.858.027.300
1982;5;2.45;3.49;39.052.893.259.932.400
1983;5;1.8;6.71;-15.437.756.453.717.800
1984;5;4.96;6.98;7.964.761.006.557.650
1985;5;3.04;4.82;4.315.333.207.896.280
1986;5;2.3;2.0;5.042.212.939.101.600
1987;5;3.21;4.09;5.622.180.189.782.860
1988;5;2.89;6.95;15.790.677.403.748.000
1989;5;2.78;4.97;33.501.898.462.765.600
1990;5;3.61;3.5;7.491.346.893.233.830
1991;5;3.76;4.24;7.166.228.263.127.550
1992;5;2.47;6.26;10.128.878.825.884.900
1993;5;2.42;5.82;1.327.744.819.115.390
1994;5;2.72;4.64;3.516.388.040.201.800
1995;5;0.7;4.45;-25.435.096.752.920.800
1996;5;1.48;4.41;-823.432.913.154.727
1997;5;4.37;3.62;9.718.928.445.194.300
1998;5;4.64;7.42;6.502.959.202.403.180
1999;5;2.75;4.52;3.737.328.442.965.490
2000;5;3.58;6.83;3.845.939.844.223.020
2001;5;3.31;7.28;2.528.993.410.262.100
2002;5;6.08;6.5;11.948.056.991.030.700
2003;5;4.12;4.35;8.165.119.522.415.260
2004;5;2.87;5.61;2.946.835.231.818.260
2005;5;2.04;4.96;10.668.655.165.790.400
2006;5;1.39;3.64;4.597.255.540.472.540
2007;5;3.2;5.49;40.979.104.354.145.600
2008;5;2.24;3.23;35.322.689.045.875.500
2009;5;1.58;6.78;-23.009.933.098.059.200
2010;5;2.35;4.3;27.318.044.413.055.800
2011;5;1.92;5.3;33.172.923.405.127.600
2012;5;4.69;5.42;8.790.385.376.352.640
2013;5;3.88;4.61;7.144.054.473.065.350
2014;5;2.99;5.88;3.030.533.355.720.810
2015;5;4.48;4.29;9.345.484.779.551.250
2016;5;3.08;6.31;28.506.071.010.190.300
2017;5;2.14;2.98;3.488.469.547.891.840
2018;5;4.52;5.19;8.509.674.449.772.320
2019;5;3.54;7.91;2.569.998.104.462.630
2020;5;1.96;3.5;23.763.085.170.279.100
2021;5;2.81;3.98;44.987.406.292.441.200
2022;5;2.12;5.77;451.047.389.695.633
2023;5;1.62;5.27;-56.623.815.129.039.300
1924;6;3.93;5.53;6.317.554.744.825.800
1925;6;4.91;5.73;9.142.022.951.032.240
1926;6;1.6;5.95;-1.353.328.904.238.090
1927;6;3.56;6.66;3.965.326.939.473.430
1928;6;2.35;5.61;13.339.538.773.949.600
1929;6;2.51;4.64;2.865.413.227.085.380
1930;6;2.41;6.01;10.935.032.374.558.300
1931;6;2.14;7.85;-17.063.872.704.575.000
1932;6;3.05;4.8;43.681.155.374.327.400
1933;6;2.17;3.54;298.435.791.882.596
1934;6;3.27;6.66;3.066.337.615.649.280
1935;6;2.95;4.82;40.370.143.054.504.400
1936;6;2.76;2.0;6.473.372.149.914.760
1937;6;2.09;6.27;-17.549.853.391.920.100
1938;6;2.42;4.2;3.055.855.685.538.550
1939;6;3.76;4.86;6.504.592.450.812.990
1940;6;3.5;5.5;5.016.893.685.705.530
1941;6;2.02;5.29;653.194.507.542.238
1942;6;3.1;6.06;3.178.988.048.829.010
1943;6;3.75;4.35;7.018.687.349.394.160
1944;6;1.33;5.77;-19.982.511.079.297.400
1945;6;3.54;4.61;6.090.290.686.996.380
1946;6;2.34;6.11;769.856.576.016.665
1947;6;3.57;5.92;478.552.311.845.801
1948;6;2.24;3.6;31.372.179.545.502.000
1949;6;1.2;6.63;-33.190.864.216.839.500
1950;6;1.37;4.2;-19.915.789.927.691.000
1951;6;3.05;6.21;2.864.002.714.838.020
1952;6;3.26;5.55;4.219.243.518.832.010
1953;6;2.1;7.76;-1.734.250.030.189.950
1954;6;3.64;4.66;6.346.205.844.114.920
1955;6;1.34;4.48;-5.912.203.266.150.760
1956;6;2.93;4.97;3.815.333.980.724.040
1957;6;1.79;4.55;7.292.163.583.071.810
1958;6;2.35;6.2;7.048.221.990.255.780
1959;6;3.05;2.58;6.736.370.927.975.290
1960;6;2.14;3.42;301.932.690.538.624
1961;6;2.62;3.4;45.283.247.377.349.300
1962;6;4.01;6.43;5.605.598.521.724.080
1963;6;2.42;7.57;-5.387.505.242.105.070
1964;6;3.84;4.84;6.774.014.133.060.260
1965;6;1.87;4.75;7.639.114.868.532.390
1966;6;3.53;5.11;5.525.975.201.480.200
1967;6;4.44;6.74;6.607.969.031.804.970
1968;6;0.53;3.61;-21.744.291.365.936.700
1969;6;2.2;5.36;11.364.735.761.794.700
1970;6;3.58;6.46;42.401.874.497.398.100
1971;6;2.8;5.75;2.579.586.044.401.710
1972;6;3.37;5.28;4.848.156.425.677.250
1973;6;2.4;6.5;5.394.968.720.717.040
1974;6;3.09;2.0;7.548.982.208.047.210
1975;6;2.84;6.02;24.166.447.445.077.000
1976;6;4.17;4.02;8.672.185.774.478.720
1977;6;3.25;2.25;7.708.505.374.015.760
1978;6;3.34;5.77;42.326.400.062.550.200
1979;6;2.59;7.06;5.314.464.488.714.570
1980;6;2.51;4.79;2.704.984.229.055.510
1981;6;2.57;6.43;11.414.567.264.977.400
1982;6;3.39;7.42;26.282.173.884.389.600
1983;6;2.58;6.97;5.964.101.065.595.680
1984;6;3.29;7.46;2.274.981.032.752.500
1985;6;5.08;6.11;9.263.327.330.757.350
1986;6;3.87;5.11;657.956.910.645.301
1987;6;2.67;2.6;5.537.594.227.972.930
1988;6;4.2;4.63;811.472.764.102.939
1989;6;2.59;3.74;4.073.517.122.229.460
1990;6;0.96;8.26;-5.800.906.725.267.560
1991;6;1.99;4.74;11.467.799.501.514.900
1992;6;1.13;5.18;-1.989.399.672.781.030
1993;6;2.65;5.83;20.297.001.139.918.200
1994;6;3.02;5.07;39.874.815.932.817.000
1995;6;4.68;7.54;6.498.138.627.184.450
1996;6;3.33;4.07;6.014.957.673.549.860
1997;6;2.78;5.29;3.008.629.201.595.380
1998;6;3.83;3.89;7.757.187.616.688.150
1999;6;0.79;3.02;-7.391.112.797.787.170
2000;6;3.24;4.08;5.724.738.364.901.380
2001;6;3.77;4.94;6.450.790.199.093.530
2002;6;1.52;4.36;9.507.159.787.374.120
2003;6;4.14;3.96;8.643.617.502.308.070
2004;6;3.34;2.89;7.304.481.387.116.620
2005;6;2.58;4.88;28.267.817.658.727.800
2006;6;3.63;2.74;8.363.750.224.013.720
2007;6;5.27;6.14;9.821.063.689.411.470
2008;6;3.18;5.12;4.429.942.650.212.390
2009;6;3.25;2.81;7.110.577.208.576.520
2010;6;2.54;4.54;30.649.848.177.509.600
2011;6;2.15;3.87;25.702.312.036.125.700
2012;6;3.83;5.48;6.061.116.130.612.500
2013;6;2.14;7.01;-8.096.534.271.932.010
2014;6;3.07;2.19;7.214.673.870.686.510
2015;6;2.52;5.17;23.307.316.474.087.400
2016;6;3.48;4.76;5.743.911.262.131.300
2017;6;3.33;6.01;3.946.232.202.883.640
2018;6;4.04;5.32;6.882.434.331.602.020
2019;6;2.49;3.87;36.241.952.932.884.000
2020;6;2.73;4.52;3.674.917.900.037.320
2021;6;2.02;3.81;22.317.262.141.021.100
2022;6;2.56;6.61;9.179.699.601.325.290
2023;6;3.38;5.03;5.145.598.884.437.290
1924;7;3.76;7.85;33.155.797.930.892.300
1925;7;2.08;4.91;12.438.495.489.636.900
1926;7;3.87;3.94;7.827.801.268.701.610
1927;7;4.36;2.73;10.636.935.225.141.700
1928;7;3.41;2.3;8.151.657.457.947.960
1929;7;4.88;2.62;12.366.093.175.556.300
1930;7;2.23;5.4;11.859.084.149.884.900
1931;7;1.76;5.76;-6.553.379.726.541.340
1932;7;1.22;2.63;10.102.470.453.127.800
1933;7;4.5;6.34;7.220.100.599.741.300
1934;7;3.65;4.28;6.783.742.670.803.740
1935;7;2.94;5.22;3.579.762.231.710.390
1936;7;3.28;7.42;22.867.747.998.064.300
1937;7;1.87;6.35;-942.232.836.316.391
1938;7;5.45;4.6;12.021.428.262.752.200
1939;7;3.13;3.66;5.832.041.340.739.050
1940;7;3.11;2.0;755.612.101.959.342
1941;7;3.73;3.92;7.414.491.994.314.110
1942;7;3.48;4.68;5.829.213.947.056.440
1943;7;3.22;3.52;6.261.106.355.143.030
1944;7;2.21;4.8;1.764.078.251.164.690
1945;7;3.47;5.12;5.329.461.647.417.720
1946;7;4.88;4.66;10.190.688.047.828.300
1947;7;4.35;4.02;9.229.542.262.697.840
1948;7;4.59;5.25;8.662.453.195.467.260
1949;7;2.49;5.66;1.714.684.367.399.940
1950;7;2.01;3.36;26.800.794.257.184.200
1951;7;2.87;7.12;13.363.280.700.154.000
1952;7;3.06;4.85;43.454.313.044.572.900
1953;7;4.09;5.03;7.347.534.189.552.600
1954;7;1.31;6.06;-23.700.679.052.971.300
1955;7;4.53;5.35;8.369.633.418.819.710
1956;7;2.84;6.43;19.788.855.467.507.700
1957;7;2.57;5.43;2.208.599.476.485.070
1958;7;1.99;4.08;18.500.332.999.380.200
1959;7;1.35;5.54;-16.916.360.197.071.800
1960;7;3.82;3.28;8.376.689.679.128.250
1961;7;3.07;5.16;40.464.758.261.411.800
1962;7;1.71;4.95;5.432.690.909.034.070
1963;7;1.7;4.69;3.013.038.085.208.910
1964;7;2.66;4.81;3.149.275.281.214.880
1965;7;4.67;2.18;12.185.087.057.078.700
1966;7;2.74;4.18;40.689.133.556.377.300
1967;7;1.5;5.14;-7.995.987.854.259.220
1968;7;2.75;5.24;2.969.440.054.391.660
1969;7;2.73;3.46;48.054.951.571.178.200
1970;7;0.5;6.9;-5.796.259.448.380.620
1971;7;2.95;3.7;5.231.187.998.169.660
1972;7;2.77;6.45;17.399.608.269.264.500
1973;7;3.7;5.64;5.486.901.200.294.170
1974;7;4.85;4.03;10.769.518.340.478.900
1975;7;4.13;7.66;46.651.254.136.938.200
1976;7;2.73;3.21;5.072.474.814.120.160
1977;7;1.89;6.38;-9.125.680.082.351.670
1978;7;5.57;6.5;10.367.277.748.520.600
1979;7;3.06;3.99;5.262.983.864.309.110
1980;7;3.01;7.09;1.802.146.399.184.860
1981;7;2.98;4.62;4.342.592.142.748.890
1982;7;3.2;5.43;41.609.391.131.487.900
1983;7;2.86;5.39;3.149.531.774.930.480
1984;7;2.43;4.8;24.460.646.734.590.300
1985;7;2.45;6.22;994.233.278.559.982
1986;7;2.97;6.19;263.737.580.092.318
1987;7;2.46;2.38;5.120.510.720.210.440
1988;7;2.29;6.96;-29.171.860.255.553.100
1989;7;3.11;2.51;6.996.892.221.572.750
1990;7;2.75;6.55;15.712.476.578.237.400
1991;7;4.5;6.69;6.847.728.785.175.510
1992;7;0.5;3.36;-2.016.000.337.817.780
1993;7;4.09;4.38;8.040.232.113.987.700
1994;7;4.25;3.34;9.645.178.986.098.350
1995;7;0.93;4.68;-20.758.469.202.119.400
1996;7;2.66;4.54;34.365.346.690.105.300
1997;7;2.63;6.17;16.048.898.601.734.800
1998;7;1.59;6.97;-2.471.782.044.083.740
1999;7;2.22;7.09;-6.473.500.498.380.810
2000;7;1.89;4.16;14.551.592.181.112.400
2001;7;4.75;4.69;9.756.149.231.716.810
2002;7;3.94;2.47;9.611.911.658.536.840
2003;7;4.27;3.79;9.227.742.516.149.030
2004;7;3.72;6.45;4.685.682.043.094.570
2005;7;1.87;7.42;-20.844.634.594.765.400
2006;7;2.48;3.15;4.360.982.860.560.010
2007;7;3.49;4.11;6.468.183.882.038.080
2008;7;1.78;4.96;2.604.277.948.066.980
2009;7;3.71;5.42;5.753.283.727.135.270
2010;7;2.76;3.79;45.469.278.121.763.500
2011;7;2.63;5.64;21.701.118.147.986.300
2012;7;3.71;4.29;6.958.479.931.527.440
2013;7;3.44;4.98;5.385.871.558.236.430
2014;7;2.64;5.82;20.092.749.586.177.200
2015;7;4.16;5.01;758.529.075.335.533
2016;7;1.92;4.35;13.455.322.562.926.600
2017;7;3.62;4.84;6.092.554.541.087.000
2018;7;3.59;4.87;5.968.146.421.717.370
2019;7;2.69;4.44;36.360.464.590.568.100
2020;7;3.33;4.61;5.438.492.908.490.920
2021;7;1.75;7.4;-24.349.760.746.890.000
2022;7;3.92;5.84;5.956.310.757.126.560
2023;7;2.82;4.56;3.911.057.818.158.610
1924;8;2.48;6.05;12.680.322.574.970.200
1925;8;4.05;4.5;7.788.282.871.559.280
1926;8;2.3;6.76;-477.468.328.129.396
1927;8;1.59;5.55;-9.578.103.488.561.650
1928;8;1.44;4.84;-6.649.327.029.519.670
1929;8;3.61;5.67;5.175.829.302.553.530
1930;8;1.72;2.64;25.490.446.799.572.200
1931;8;4.75;3.31;11.228.156.165.089.400
1932;8;0.92;3.21;-538.800.440.148.467
1933;8;4.7;5.21;9.045.351.327.352.630
1934;8;3.21;7.6;18.778.502.467.717.500
1935;8;2.9;8.35;11.719.867.419.369.700
1936;8;2.46;5.96;13.017.029.811.750.200
1937;8;3.4;5.75;44.398.291.639.407.600
1938;8;2.96;2.3;6.756.342.303.172.780
1939;8;4.1;4.19;8.274.597.568.175.050
1940;8;3.11;3.82;5.600.201.140.057.020
1941;8;3.15;4.07;5.457.114.935.971.290
1942;8;2.64;4.75;3.150.453.160.637.090
1943;8;2.94;4.29;45.715.144.953.976.000
1944;8;3.31;2.03;8.128.710.157.926.780
1945;8;1.29;6.12;-24.958.078.648.774.100
1946;8;1.65;3.39;15.324.557.603.634.000
1947;8;3.74;5.36;5.910.401.722.991.150
1948;8;3.17;8.11;12.096.782.768.377.900
1949;8;2.82;3.62;4.913.540.125.523.370
1950;8;3.02;2.0;7.314.872.145.581.170
1951;8;3.35;4.57;5.543.358.592.724.170
1952;8;2.46;6.65;56.592.806.846.920.600
1953;8;2.22;7.94;-155.366.521.796.229
1954;8;3.2;3.16;658.253.948.495.501
1955;8;2.02;5.75;16.249.279.991.484.500
1956;8;3.41;4.3;6.017.356.321.249.450
1957;8;1.3;4.84;-109.966.352.499.337
1958;8;4.03;8.97;29.584.812.290.308.600
1959;8;3.47;2.75;7.857.556.781.080.810
1960;8;3.26;5.38;440.022.900.728.193
1961;8;3.98;5.7;6.291.499.781.218.000
1962;8;4.67;6.63;7.437.968.811.952.320
1963;8;4.01;5.15;6.971.638.691.154.720
1964;8;1.16;5.46;-21.948.924.770.835.700
1965;8;1.72;4.41;661.207.160.068.609
1966;8;2.38;5.4;1.650.605.448.105.920
1967;8;3.03;4.49;4.636.928.332.570.820
1968;8;3.52;5.93;4.619.608.713.061.300
1969;8;2.27;4.45;2.324.386.652.289.010
1970;8;3.19;5.57;39.809.666.370.574.800
1971;8;2.24;4.96;16.873.879.881.331.600
1972;8;2.39;6.69;30.624.319.462.358.900
1973;8;1.59;4.92;-28.552.673.732.597.300
1974;8;2.08;2.34;39.849.799.222.095.900
1975;8;1.65;6.89;-22.013.606.106.330.300
1976;8;2.02;3.64;24.129.859.047.885.200
1977;8;4.05;4.02;8.300.740.813.525.660
1978;8;2.05;4.11;20.046.262.405.211.500
1979;8;5.63;7.06;9.955.794.397.166.650
1980;8;3.49;2.0;8.732.899.211.485.950
1981;8;3.18;9.71;-4.652.912.409.965.130
1982;8;2.14;6.58;-3.514.414.589.247.250
1983;8;3.7;5.33;5.817.707.096.527.980
1984;8;2.42;4.92;2.287.925.617.437.850
1985;8;3.12;5.43;3.913.645.573.978.770
1986;8;5.56;5.78;11.103.896.210.988.900
1987;8;2.9;5.97;26.558.724.514.325.200
1988;8;4.15;5.83;6.679.366.886.028.220
1989;8;2.3;5.13;16.907.242.893.618.800
1990;8;2.97;4.7;42.262.349.929.810.300
1991;8;4.77;4.77;97.322.073.919.289
1992;8;2.37;4.71;23.567.941.222.564.900
1993;8;4.81;6.7;7.797.867.846.112.980
1994;8;3.71;5.89;5.251.419.521.317.460
1995;8;2.44;2.0;5.557.792.185.877.000
1996;8;3.63;5.98;49.076.506.962.525.700
1997;8;3.97;5.29;6.697.781.825.490.790
1998;8;3.62;4.97;5.954.051.871.866.310
1999;8;1.43;4.42;-24.817.062.668.015.600
2000;8;2.27;6.69;-6.512.498.958.108.830
2001;8;2.75;6.42;17.104.954.902.325.600
2002;8;2.93;3.84;5.019.844.423.872.350
2003;8;3.62;5.61;5.271.361.981.042.610
2004;8;3.18;3.54;6.114.935.773.547.450
2005;8;1.66;2.93;20.544.273.806.078.800
2006;8;3.38;4.06;6.180.691.507.559.590
2007;8;3.61;6.29;45.148.192.272.901.000
2008;8;3.56;6.43;4.210.666.540.255.490
2009;8;4.08;5.77;6.526.769.530.545.730
2010;8;3.83;6.09;541.088.263.677.009
2011;8;3.46;5.77;4.604.300.179.211.340
2012;8;2.93;4.04;480.713.158.837.643
2013;8;1.34;5.65;-18.392.883.478.189.900
2014;8;3.43;6.2;4.052.920.869.390.490
2015;8;3.21;6.13;3.445.339.635.734.950
2016;8;3.27;6.78;2.938.266.546.572.070
2017;8;1.72;6.06;-10.985.052.423.021.300
2018;8;1.92;5.53;867.495.252.050.162
2019;8;4.05;6.61;5.538.300.261.501.640
2020;8;2.96;4.96;39.186.966.105.392.400
2021;8;3.68;3.68;7.516.337.534.860.030
2022;8;3.03;4.76;43.491.385.340.074.200
2023;8;3.03;3.88;5.287.465.878.430.210
1924;9;3.94;3.99;7.991.346.208.095.030
1925;9;2.48;4.78;2.622.847.394.249.810
1926;9;3.1;3.81;5.578.854.069.794.090
1927;9;2.54;4.54;30.645.686.240.934
1928;9;2.57;2.16;5.695.911.843.952.140
1929;9;2.69;5.32;26.977.534.169.158.400
1930;9;3.22;5.0;46.820.928.296.271.400
1931;9;2.52;3.77;38.238.340.009.404.700
1932;9;4.26;5.99;6.849.651.045.714.110
1933;9;2.11;6.41;-2.632.177.439.846.060
1934;9;2.81;2.59;5.982.068.822.020.760
1935;9;2.56;3.86;3.852.299.372.029.200
1936;9;4.45;3.85;9.721.612.023.414.100
1937;9;3.2;3.59;6.123.645.787.762.040
1938;9;4.03;6.24;5.870.236.969.753.680
1939;9;1.51;4.71;-30.917.342.342.641.600
1940;9;3.27;4.6;5.263.156.510.717.980
1941;9;3.89;2.0;9.959.349.316.003.010
1942;9;3.08;5.95;323.468.659.590.662
1943;9;4.07;3.14;9.300.473.876.991.880
1944;9;2.48;5.09;229.227.789.196.333
1945;9;4.41;5.42;7.923.197.050.222.730
1946;9;5.3;7.04;895.382.395.277.806
1947;9;2.64;3.04;4.974.598.183.867.940
1948;9;2.55;2.0;5.907.400.963.442.000
1949;9;4.45;5.28;81.969.534.932.364
1950;9;4.58;7.7;6.017.906.096.421.980
1951;9;2.48;6.86;4.038.193.619.907.300
1952;9;2.58;5.31;23.670.153.767.629.500
1953;9;2.72;4.26;3.920.985.157.677.150
1954;9;1.66;6.21;-14.451.573.107.671.500
1955;9;2.08;3.54;27.054.894.253.220.200
1956;9;2.0;5.71;14.195.014.638.917.000
1957;9;2.23;5.76;802.673.227.572.925
1958;9;2.97;6.59;22.105.105.205.114.300
1959;9;3.23;9.14;29.745.546.936.254.400
1960;9;4.55;5.59;8.175.808.452.563.530
1961;9;2.0;4.24;1.711.060.958.496.870
1962;9;3.98;4.96;7.080.989.671.066.850
1963;9;2.79;2.35;6.175.508.706.066.360
1964;9;2.95;3.96;49.545.249.421.436.600
1965;9;3.67;4.39;6.728.410.193.027.970
1966;9;1.88;4.21;13.701.366.376.372.200
1967;9;3.38;5.23;49.330.054.874.150.300
1968;9;3.17;3.77;5.838.887.214.059.520
1969;9;3.49;6.68;37.271.420.596.683.600
1970;9;3.29;5.0;4.898.896.157.898.960
1971;9;5.46;4.99;1.163.646.004.610.490
1972;9;2.36;4.51;25.390.154.732.261.600
1973;9;2.47;5.23;21.113.812.361.139.200
1974;9;2.38;6.24;7.551.761.208.907.600
1975;9;2.44;3.7;36.511.653.096.550.600
1976;9;2.36;4.01;30.720.729.361.768.700
1977;9;4.19;4.54;8.179.274.255.988.420
1978;9;4.42;2.98;10.556.637.517.146.300
1979;9;2.43;3.77;3.544.851.156.597.200
1980;9;2.17;4.29;21.843.865.300.440.400
1981;9;3.47;6.31;4.059.702.637.567.360
1982;9;2.45;5.39;18.785.215.626.717.100
1983;9;3.63;5.29;5.643.934.190.638.790
1984;9;3.2;6.28;3.255.202.505.868.330
1985;9;1.48;4.79;-4.878.372.326.597.830
1986;9;4.55;5.59;8.175.704.035.140.110
1987;9;4.8;4.85;9.739.909.942.602.800
1988;9;2.39;5.4;16.821.848.960.115.900
1989;9;2.61;4.13;37.195.057.097.675.500
1990;9;3.29;2.0;8.142.468.254.900.130
1991;9;3.33;4.8;5.236.873.595.217.330
1992;9;3.66;7.13;377.357.961.365.729
1993;9;5.01;6.39;8.748.398.913.652.470
1994;9;2.82;6.45;1.895.765.528.791.470
1995;9;2.2;6.85;-4.534.427.966.344.670
1996;9;1.62;5.13;-4.167.976.818.975.960
1997;9;2.27;5.3;14.171.754.252.652.400
1998;9;2.97;4.07;48.984.524.922.560.500
1999;9;4.79;4.53;10.051.063.071.954.400
2000;9;2.48;5.92;1.406.661.755.119.260
2001;9;3.22;6.81;27.519.903.514.470.000
2002;9;2.98;4.79;4.162.302.337.960.820
2003;9;4.19;4.32;8.413.858.253.829.950
2004;9;5.53;5.0;118.426.404.467.017
2005;9;2.47;5.9;13.967.924.478.150.500
2006;9;2.51;2.83;4.795.441.537.361.530
2007;9;4.04;2.0;1.045.403.418.302.060
2008;9;3.68;4.17;6.993.242.833.911.780
2009;9;4.85;3.17;1.168.674.197.516.500
2010;9;3.58;4.24;6.609.206.838.297.320
2011;9;2.64;4.78;3.118.848.822.803.040
2012;9;3.59;4.32;6.554.390.323.971.530
2013;9;4.11;7.18;51.156.236.046.112.100
2014;9;3.82;5.49;6.019.373.741.659.500
2015;9;3.51;5.45;5.100.679.967.149.640
2016;9;4.07;5.93;6.324.446.754.554.570
2017;9;4.17;3.29;9.450.812.870.822.640
2018;9;4.38;6.56;6.614.304.720.361.720
2019;9;3.65;4.89;6.132.447.417.412.510
2020;9;2.83;6.01;23.962.401.302.441.900
2021;9;3.15;3.39;6.181.857.091.947.340
2022;9;4.21;2.67;10.236.026.773.252.400
2023;9;2.18;6.23;14.651.746.709.877.400
1924;10;3.37;5.56;4.549.226.378.277.530
1925;10;2.61;3.65;4.230.871.274.203.010
1926;10;3.03;3.7;5.479.840.790.420.950
1927;10;4.28;6.69;6.165.301.707.819.250
1928;10;3.19;3.22;6.488.051.096.088.720
1929;10;3.05;7.46;1.530.376.359.490.010
1930;10;1.64;3.65;12.240.764.593.667.900
1931;10;3.75;5.96;5.300.786.164.041.880
1932;10;3.65;4.51;6.537.410.265.689.000
1933;10;5.16;5.9;9.736.006.729.222.310
1934;10;2.69;4.18;3.913.633.576.716.110
1935;10;3.22;4.76;49.381.943.233.736.200
1936;10;3.25;5.06;4.710.846.450.831.500
1937;10;4.58;3.5;10.497.964.073.554.400
1938;10;2.9;6.11;25.063.880.122.192.900
1939;10;3.28;4.23;5.689.223.509.224.190
1940;10;3.61;4.66;6.253.649.642.505.650
1941;10;3.19;3.51;6.178.095.849.776.480
1942;10;2.55;2.0;5.861.590.004.424.470
1943;10;3.19;4.71;48.985.117.755.498.400
1944;10;4.07;8.62;34.561.016.328.246.800
1945;10;1.97;6.18;-4.511.119.587.309.080
1946;10;3.13;4.97;4.435.223.005.388.120
1947;10;2.3;4.61;2.246.277.001.426.900
1948;10;4.2;5.03;768.725.807.361.128
1949;10;1.48;5.82;-15.870.306.019.958.900
1950;10;2.44;3.23;4.152.189.096.803.720
1951;10;3.38;6.67;3.396.289.018.039.560
1952;10;4.57;6.07;772.501.427.137.931
1953;10;2.93;6.08;2.631.606.401.321.900
1954;10;2.44;5.66;15.606.324.734.497.000
1955;10;4.88;5.03;9.796.154.041.174.650
1956;10;1.55;6.01;-15.720.875.136.383.000
1957;10;0.8;5.89;-3.769.062.009.036.140
1958;10;3.44;4.47;5.929.405.516.099.430
1959;10;2.5;4.14;3.367.154.754.854.420
1960;10;1.98;5.15;67.769.108.876.073
1961;10;3.71;7.32;37.259.336.295.804.100
1962;10;3.24;3.14;6.728.290.778.942.510
1963;10;2.44;2.8;4.610.344.663.501.570
1964;10;1.72;5.25;-23.450.652.399.074.000
1965;10;3.87;5.08;6.612.156.962.642.410
1966;10;3.65;5.26;5.737.685.951.358.820
1967;10;2.9;5.37;32.956.870.938.312.100
1968;10;4.85;4.67;10.086.983.925.068.200
1969;10;1.93;7.23;-1.695.994.820.492.820
1970;10;1.47;2.6;18.175.378.807.551.700
1971;10;2.31;3.76;31.836.588.954.899
1972;10;2.95;4.85;4.005.766.874.379.350
1973;10;3.24;2.54;7.368.652.826.047.680
1974;10;2.76;4.74;35.334.618.346.575.700
1975;10;3.35;7.49;2.429.058.523.078.620
1976;10;1.75;5.03;927.574.087.513.591
1977;10;4.44;5.35;8.091.306.369.835.450
1978;10;2.92;3.11;5.767.801.358.678.000
1979;10;4.12;4.08;8.453.365.723.962.760
1980;10;3.34;4.44;5.651.792.172.670.160
1981;10;3.46;4.52;5.937.446.831.591.000
1982;10;3.57;6.92;3.718.812.348.522.840
1983;10;3.45;5.84;44.990.017.499.292.100
1984;10;3.64;3.33;7.765.418.071.680.450
1985;10;4.33;5.37;7.728.264.775.170.040
1986;10;3.2;5.75;38.198.299.421.204.600
1987;10;3.71;6.71;43.768.854.719.067.200
1988;10;2.91;7.37;11.929.723.619.144.300
1989;10;4.44;3.48;10.085.521.140.727.700
1990;10;2.32;3.78;31.934.465.209.151.000
1991;10;4.8;3.11;11.595.851.829.182.500
1992;10;2.96;4.65;4.249.386.190.846.260
1993;10;1.57;5.7;-11.797.133.476.564.300
1994;10;3.13;6.48;28.240.769.898.321.600
1995;10;2.32;4.89;20.094.899.366.167.600
1996;10;3.84;4.52;7.116.049.107.224.350
1997;10;2.35;5.23;1.739.561.802.844.880
1998;10;2.55;3.75;3.938.895.946.841.520
1999;10;1.11;8.13;-519.790.794.526.403
2000;10;2.55;2.59;5.175.535.470.786.890
2001;10;0.58;5.28;-38.008.619.905.524.600
2002;10;1.42;8.04;-41.407.509.042.715.300
2003;10;3.76;5.01;634.536.148.115.843
2004;10;3.79;4.71;6.757.583.919.365.230
2005;10;3.43;4.46;590.829.029.845.954
2006;10;2.03;4.73;12.813.415.538.633.100
2007;10;2.95;7.06;16.479.440.169.181.400
2008;10;3.0;2.0;7.220.825.937.223.890
2009;10;1.84;7.3;-20.491.798.390.488.800
2010;10;4.5;2.86;10.932.735.545.421.700
2011;10;3.88;4.6;7.154.401.461.981.000
2012;10;2.78;4.36;4.000.828.024.646.890
2013;10;3.03;5.88;31.538.332.569.223.800
2014;10;3.21;2.6;721.065.071.598.313
2015;10;0.96;5.69;-30.603.907.534.506.200
2016;10;2.75;8.04;-1.714.870.058.074.430
2017;10;2.32;2.96;4.068.118.975.659.500
2018;10;2.0;5.28;60.086.738.224.946.800
2019;10;2.72;4.01;4.188.088.188.491.060
2020;10;4.8;5.64;8.897.179.932.065.640
2021;10;3.64;5.03;5.952.169.508.385.120
2022;10;2.43;4.04;3.257.030.791.926.150
2023;10;3.57;5.73;4.988.471.049.648.500
1924;11;4.4;7.71;5.449.500.732.679.920
1925;11;3.92;4.71;7.161.553.747.464.000
1926;11;3.06;6.08;3.033.987.242.777.190
1927;11;2.35;3.06;40.546.336.180.165.500
1928;11;3.7;3.57;769.546.596.904.316
1929;11;3.39;5.71;4.452.107.910.754.130
1930;11;3.9;7.23;4.411.107.719.149.170
1931;11;3.64;5.53;541.795.584.528.963
1932;11;4.05;4.53;7.756.261.074.584.240
1933;11;2.46;5.0;2.326.547.338.301.600
1934;11;4.32;3.12;10.096.780.179.960.400
1935;11;3.2;5.91;3.649.308.427.833.700
1936;11;5.08;6.32;9.039.292.781.030.180
1937;11;2.31;4.32;25.862.902.514.743.500
1938;11;4.74;4.29;10.150.600.595.092.400
1939;11;3.2;5.4;419.320.325.538.106
1940;11;2.35;4.34;2.688.530.173.242.610
1941;11;2.52;4.9;26.182.246.780.571.400
1942;11;2.68;8.15;-352.006.909.736.084
1943;11;3.42;4.63;5.697.119.164.714.790
1944;11;3.52;4.46;6.188.117.564.005.670
1945;11;2.43;4.03;32.673.841.801.696.500
1946;11;2.98;6.12;27.431.453.436.239.000
1947;11;5.14;4.73;10.922.349.453.182.900
1948;11;4.73;4.03;10.397.691.620.842.200
1949;11;3.44;6.98;3.251.501.963.740.100
1950;11;3.04;7.13;1.851.840.047.365.450
1951;11;3.12;4.1;5.332.045.489.245.690
1952;11;3.61;2.2;8.878.005.792.409.100
1953;11;1.98;6.51;-7.730.306.255.035.320
1954;11;2.74;3.97;42.927.253.288.336.600
1955;11;1.33;6.19;-2.445.920.967.304.030
1956;11;3.4;2.04;8.396.932.694.031.710
1957;11;3.65;6.34;45.854.598.601.403.400
1958;11;2.52;3.18;4.452.798.546.698.140
1959;11;4.57;6.1;7.694.322.264.422.350
1960;11;1.77;5.02;16.599.612.691.612.200
1961;11;1.54;3.57;9.989.564.539.186.820
1962;11;3.22;4.39;5.333.148.813.148.670
1963;11;4.05;6.03;6.156.077.984.565.540
1964;11;4.68;5.16;9.037.803.323.834.260
1965;11;2.54;5.88;1.635.670.275.665.850
1966;11;4.08;7.96;41.902.240.248.915.800
1967;11;2.96;2.65;6.382.573.314.221.030
1968;11;2.83;7.43;8.810.160.125.090.550
1969;11;3.88;5.16;6.557.930.399.996.340
1970;11;3.65;3.65;7.455.110.692.673.650
1971;11;1.42;3.0;12.353.921.468.754.700
1972;11;4.48;4.72;8.886.566.074.050.290
1973;11;4.38;6.38;6.805.844.124.222.290
1974;11;2.37;4.81;22.501.986.418.868.000
1975;11;3.4;7.27;28.184.648.603.190.000
1976;11;3.49;2.82;7.844.520.587.633.430
1977;11;3.26;4.98;4.827.276.271.366.990
1978;11;2.45;3.12;430.020.882.905.677
1979;11;2.33;5.55;13.364.744.749.436.900
1980;11;2.97;6.33;24.887.558.538.911.200
1981;11;4.17;4.37;8.299.349.081.294.040
1982;11;3.54;2.0;8.934.781.401.122.150
1983;11;2.63;5.3;25.330.437.521.117.300
1984;11;3.77;5.66;5.683.496.015.891.480
1985;11;0.5;5.61;-44.352.837.375.591.700
1986;11;4.15;6.85;5.591.298.350.854.990
1987;11;1.26;3.39;32.313.399.008.709.400
1988;11;2.64;6.02;17.957.342.953.146.400
1989;11;1.88;6.79;-13.812.177.407.104.100
1990;11;1.71;2.33;2.848.390.610.828.560
1991;11;4.16;5.48;7.084.117.496.145.950
1992;11;2.53;4.24;33.536.478.629.695.700
1993;11;3.35;4.88;5.212.802.655.483.230
1994;11;2.95;5.52;3.290.540.293.758.240
1995;11;3.48;4.27;6.266.426.939.133.660
1996;11;3.08;3.99;5.325.252.997.022.180
1997;11;1.72;5.05;-21.714.464.167.659.400
1998;11;4.0;3.37;8.838.351.275.830.990
1999;11;2.51;3.37;4.219.206.854.572.380
2000;11;1.44;6.02;-19.235.955.181.616.200
2001;11;2.57;3.28;4.502.067.887.419.270
2002;11;4.5;6.0;758.344.472.897.251
2003;11;3.85;5.69;5.898.763.044.925.950
2004;11;2.65;2.41;5.677.715.459.438.270
2005;11;2.65;3.98;4.002.830.694.801.720
2006;11;2.68;6.79;10.984.255.545.735.200
2007;11;5.08;3.53;12.015.791.351.470.000
2008;11;3.38;4.3;5.924.633.971.454.090
2009;11;3.43;5.69;45.967.980.753.939.100
2010;11;4.03;6.18;5.934.689.294.474.920
2011;11;3.24;4.62;5.149.032.804.507.100
2012;11;2.74;4.1;41.538.468.048.870.900
2013;11;2.8;7.13;11.081.280.289.216.500
2014;11;2.93;7.61;9.989.499.076.788.350
2015;11;2.96;6.47;2.308.391.971.270.830
2016;11;3.73;5.13;6.124.231.140.107.190
2017;11;3.05;3.79;5.446.021.160.744.820
2018;11;3.73;3.75;7.596.308.448.377.210
2019;11;2.92;5.78;2.919.676.931.462.560
2020;11;3.08;5.63;3.576.023.696.942.740
2021;11;1.0;7.1;-4.439.979.927.747.850
2022;11;3.92;5.98;5.806.587.758.216.630
2023;11;3.35;2.75;748.495.687.776.578
1924;12;4.0;6.58;5.414.606.249.213.670
1925;12;0.5;3.5;-21.898.194.750.879.200
1926;12;5.09;4.42;11.097.234.597.673.300
1927;12;2.86;5.38;3.161.021.016.559.310
1928;12;4.11;7.99;4.251.251.532.695.350
1929;12;1.96;9.66;-41.949.824.483.130.800
1930;12;3.61;5.91;4.920.605.084.592.630
1931;12;1.95;4.73;10.329.781.055.546.700
1932;12;2.38;5.8;12.241.725.390.823.600
1933;12;4.91;6.33;8.502.637.592.799.290
1934;12;2.81;4.52;39.229.985.224.793.800
1935;12;3.22;7.69;18.122.221.517.267.400
1936;12;3.87;5.35;6.323.999.697.149.730
1937;12;3.5;5.75;47.497.938.798.881.200
1938;12;3.15;6.0;3.398.449.465.308.910
1939;12;3.36;5.63;44.443.374.391.851.700
1940;12;5.4;6.26;10.096.447.508.476.800
1941;12;2.94;4.07;48.059.634.389.513.300
1942;12;3.2;4.16;55.159.400.800.661
1943;12;4.05;3.35;9.015.080.862.897.930
1944;12;4.11;5.66;6.736.602.470.233.770
1945;12;4.19;6.17;6.440.809.380.204.820
1946;12;3.64;5.69;5.248.095.735.587.720
1947;12;1.86;7.51;-22.117.497.346.078.000
1948;12;4.63;4.99;9.063.902.755.113.010
1949;12;1.85;6.0;-6.315.087.048.611.200
1950;12;3.3;3.36;6.679.433.634.137.830
1951;12;2.25;4.42;2.293.282.385.245.500
1952;12;2.94;6.04;2.704.032.389.584.120
1953;12;3.33;6.27;3.667.966.029.956.030
1954;12;3.32;4.56;5.461.532.416.311.440
1955;12;3.42;4.89;5.419.352.000.609.330
1956;12;4.61;2.72;11.423.158.501.573.900
1957;12;3.45;4.46;5.971.056.350.232.050
1958;12;2.76;6.34;18.265.460.201.189.500
1959;12;3.96;5.86;6.058.888.215.218.170
1960;12;4.19;5.75;6.888.880.476.754.340
1961;12;1.77;5.07;11.226.184.976.820.400
1962;12;3.6;5.01;584.903.369.112.217
1963;12;3.7;4.01;7.226.149.388.178.430
1964;12;2.7;6.05;19.503.608.076.437.400
1965;12;4.38;5.63;7.605.473.386.892.220
1966;12;2.85;5.74;27.457.925.564.974.600
1967;12;3.13;4.21;5.245.161.129.613.910
1968;12;2.83;2.0;6.688.027.109.558.730
1969;12;3.02;6.65;2.301.842.633.582.770
1970;12;1.9;4.28;13.582.562.369.113.100
1971;12;1.56;3.71;9.122.724.881.448.820
1972;12;4.59;6.04;7.820.102.615.131.090
1973;12;2.15;4.41;19.945.051.291.600.800
1974;12;2.01;6.59;-7.651.328.733.502.940
1975;12;0.85;5.93;-3.657.039.606.318.040
1976;12;2.36;6.03;9.177.468.929.110.010
1977;12;1.68;2.95;2.094.286.591.779.300
1978;12;4.64;6.82;7.143.007.117.474.990
1979;12;4.01;5.39;6.714.856.655.810.870
1980;12;2.31;4.45;2.448.112.679.406.840
1981;12;5.25;5.22;10.740.904.733.800.200
1982;12;3.98;2.34;9.875.800.071.988.990
1983;12;2.68;5.61;23.566.515.805.010.700
1984;12;0.5;3.46;-21.070.034.206.691.500
1985;12;5.29;2.97;13.264.361.285.843.400
1986;12;1.61;2.72;212.327.867.194.543
1987;12;1.35;6.67;-2.895.808.712.194.680
1988;12;4.02;4.06;8.165.183.382.570.240
1989;12;5.44;7.3;9.110.602.469.642.270
1990;12;4.38;4.2;9.132.007.428.156.280
1991;12;3.56;2.44;846.712.670.776.453
1992;12;3.59;3.33;7.611.127.878.161.390
1993;12;3.85;6.85;4.661.760.393.877.330
1994;12;3.76;4.77;6.601.482.676.772.340
1995;12;3.28;4.18;5.742.947.872.045.990
1996;12;3.1;5.24;40.544.182.878.099.000
1997;12;2.94;5.75;30.135.624.135.932.900
1998;12;2.25;6.68;-11.713.634.047.691.300
1999;12;2.72;7.17;8.170.825.693.240.310
2000;12;1.31;4.46;-6.633.188.168.406.290
2001;12;2.9;3.01;581.277.080.592.873
2002;12;2.01;4.38;15.924.874.053.972.300
2003;12;1.9;5.39;17.361.301.762.013.400
2004;12;3.18;3.55;6.104.365.307.736.400
2005;12;4.39;3.56;9.844.915.320.123.960
2006;12;3.92;5.52;6.297.452.872.445.240
2007;12;1.43;4.93;-7.921.848.252.052.720
2008;12;2.01;5.05;8.777.574.868.018.050
2009;12;3.94;3.86;8.129.926.652.268.820
2010;12;2.02;4.65;1.334.791.332.066.740
2011;12;2.78;3.61;47.999.599.994.271.200
2012;12;3.55;6.34;4.275.985.368.789.970
2013;12;2.03;6.55;-6.603.593.789.587.390
2014;12;3.11;2.23;7.295.156.336.838.400
2015;12;1.67;3.61;13.595.485.365.274.200
2016;12;2.4;2.76;4.529.516.161.113.880
2017;12;3.32;4.02;6.036.980.586.854.940
2018;12;1.41;4.87;-790.955.576.374.131
2019;12;3.44;2.83;7.679.011.995.765.890
2020;12;2.98;3.62;5.410.222.201.419.860
2021;12;3.55;3.49;7.315.644.732.649.860
2022;12;3.22;5.31;4.351.664.680.466.570
2023;12;4.36;5.1;810.947.960.929.376
